{"cameraMode":{"drawMode":0,"name":"Shaded","section":"Shading Mode"},"sceneLighting":true,"audioPlay":false,"sceneViewState":{"showFog":true,"showMaterialUpdate":true,"showSkybox":true,"showFlares":true,"showImageEffects":true,"showParticleSystems":true},"in2DMode":false,"pivot":{"x":-42.82460021972656,"y":-11.574568748474121,"z":22.24325942993164},"rotation":{"x":0.3670629560947418,"y":-0.25480887293815615,"z":0.10528000444173813,"w":0.8883993625640869},"size":9.334012985229493,"orthographic":false}